{"mean": [318.65797982258005, 423.55120843262057, 0.5722830611482511, 132.5806433980656], "scale": [533.8499725698018, 728.8860345004616, 0.5095203210973356, 218.90959307174086]}